{"loss": [1.4431577920913696, 0.45701876282691956, 0.2661973536014557, 0.18965885043144226, 0.1388041079044342, 0.10828784108161926, 0.08785629272460938, 0.07834365963935852, 0.06518691778182983, 0.057299982756376266], "accuracy": [0.5815573930740356, 0.8548464179039001, 0.9146701693534851, 0.9380788803100586, 0.9543790817260742, 0.9650347828865051, 0.9710312485694885, 0.9739168286323547, 0.9788012504577637, 0.9810534715652466], "val_loss": [0.5828101634979248, 0.34598687291145325, 0.20057451725006104, 0.19739417731761932, 0.1524980217218399, 0.1257457733154297, 0.18560680747032166, 0.11306332051753998, 0.18105538189411163, 0.12273004651069641], "val_accuracy": [0.8204596042633057, 0.8936077356338501, 0.9347671866416931, 0.9335116744041443, 0.9522354006767273, 0.9597139358520508, 0.9424641132354736, 0.9661007523536682, 0.947704553604126, 0.9623887538909912]}